{"schemaVersion":"1.0","appDefinitionTemplate":{"id":"/providers/Microsoft.PowerApps/apps/","type":"Microsoft.PowerApps/apps","tags":{"primaryDeviceWidth":"1366","primaryDeviceHeight":"768","supportsPortrait":"true","supportsLandscape":"true","primaryFormFactor":"Tablet","showStatusBar":"false","publisherVersion":"3.25043.12","minimumRequiredApiVersion":"2.2.0","hasComponent":"false","hasUnlockedComponent":"false","isUnifiedRootApp":"false","sienaVersion":"20250504T143506Z-3.25042.10.0"},"properties":{"appVersion":"2025-05-07T14:36:24Z","lifeCycleId":"Published","createdByClientVersion":{"major":3,"minor":25043,"build":12,"revision":0,"majorRevision":0,"minorRevision":0},"minClientVersion":{"major":3,"minor":25043,"build":12,"revision":0,"majorRevision":0,"minorRevision":0},"backgroundColor":"RGBA(0,176,240,1)","backgroundImageUri":"/13361235046623361647/Ne335b5af-3a63-4cf3-852e-c56121d9703a-logoSmallFile","displayName":"Untyped Objects","commitMessage":"","appUris":{"documentUri":{"value":"/13361235046623361647/Nfd59cab0-bc98-4342-9af1-98cf61b19b90-document.msapp"},"imageUris":[],"additionalUris":[{"isSolutionAware":false,"value":"/13361235046623361647/Nae9b287b-6806-4d84-b53c-c645792f5c8a-identity.json"}]},"createdTime":"0001-01-01T00:00:00Z","lastModifiedTime":"0001-01-01T00:00:00Z","sharedGroupsCount":0,"sharedUsersCount":0,"connectionReferences":{},"databaseReferences":{},"almMode":"Environment","performanceOptimizationEnabled":true,"canConsumeAppPass":true,"enableModernRuntimeMode":false,"executionRestrictions":{"isTeamsOnly":false,"dataLossPreventionEvaluationResult":{"status":"Compliant","lastEvaluationDate":"2025-05-01T18:22:58.1254566Z","violations":[],"violationsByPolicy":[],"violationErrorMessage":"The app uses the following connectors: ."}}},"isAppComponentLibrary":false,"appType":"ClassicCanvasApp","appComponents":[]}}